﻿{"cameraMode":{"drawMode":0,"name":"Shaded","section":"Shading Mode"},"sceneLighting":true,"audioPlay":false,"sceneViewState":{"showFog":true,"showMaterialUpdate":false,"showSkybox":true,"showFlares":true,"showImageEffects":true,"showParticleSystems":true},"in2DMode":false,"pivot":{"x":-28.398418426513673,"y":3.425680160522461,"z":-9.043067932128907},"rotation":{"x":-0.1348324865102768,"y":0.03030523657798767,"z":-0.004164271522313356,"w":-0.9903961420059204},"size":1.594862699508667,"orthographic":false}